time,latitude,longitude,altitude,desc
10:18:01 AM,29.8213,-95.6552,721.45,"tiny-vermilion-platypus,mammoth-sapphire-camel,stale-black-opossum,zesty-sangria-frog"
10:18:11 AM,29.8192,-95.6529,729.65,"tiny-vermilion-platypus,mammoth-sapphire-camel,stale-black-opossum"
10:18:22 AM,29.8167,-95.6502,711.94,"tiny-vermilion-platypus,mammoth-sapphire-camel,stale-black-opossum,zesty-sangria-frog"
10:18:33 AM,29.814,-95.6476,737.86,"future-ultraviolet-pig,tiny-vermilion-platypus,stale-black-opossum,zesty-sangria-frog"
10:18:43 AM,29.8115,-95.6455,793.63,"tiny-vermilion-platypus,stale-black-opossum,zesty-sangria-frog,recumbent-foggy-squirrel"
10:18:54 AM,29.8086,-95.6427,839.89,"future-ultraviolet-pig,tiny-vermilion-platypus,mammoth-sapphire-camel,stale-black-opossum,zesty-sangria-frog"
10:19:04 AM,29.8064,-95.6408,923.22,"future-ultraviolet-pig,mammoth-sapphire-camel,stale-black-opossum,zesty-sangria-frog"
10:19:15 AM,29.8041,-95.6388,974.08,"future-ultraviolet-pig,tiny-vermilion-platypus,mammoth-sapphire-camel,stale-black-opossum,zesty-sangria-frog"
10:19:26 AM,29.8016,-95.6366,1004.59,"future-ultraviolet-pig,recumbent-seaweed-ostrich,tiny-vermilion-platypus,mammoth-sapphire-camel,tiny-sangria-pig,zesty-sangria-frog"
10:19:37 AM,29.799,-95.6348,1042.65,"future-ultraviolet-pig,tiny-vermilion-platypus,mammoth-sapphire-camel,stale-black-opossum,zesty-sangria-frog"
10:19:46 AM,29.7964,-95.6329,1027.23,"future-ultraviolet-pig,tiny-sangria-pig,stale-black-opossum,zesty-sangria-frog"
10:19:57 AM,29.7934,-95.6304,1042.97,"future-ultraviolet-pig,mammoth-sapphire-camel,tiny-sangria-pig,stale-black-opossum,zesty-sangria-frog"
10:20:08 AM,29.7905,-95.6278,1116.14,"future-ultraviolet-pig,recumbent-seaweed-ostrich,tiny-vermilion-platypus,mammoth-sapphire-camel,stale-black-opossum,zesty-sangria-frog,original-zinc-cat"
10:20:19 AM,29.7877,-95.6258,1113.84,"delightful-gauze-finch,future-ultraviolet-pig,tiny-vermilion-platypus,mammoth-sapphire-camel,stale-black-opossum,zesty-sangria-frog,original-zinc-cat,delightful-coffee-hawk"
10:20:28 AM,29.7857,-95.6231,1186.67,"future-ultraviolet-pig,stale-black-opossum,zesty-sangria-frog,original-zinc-cat"
10:20:39 AM,29.7844,-95.6196,1172.57,"future-ultraviolet-pig,tiny-vermilion-platypus,stale-black-opossum,zesty-sangria-frog,original-zinc-cat"
10:20:50 AM,29.783,-95.6159,1187.66,"future-ultraviolet-pig,recumbent-seaweed-ostrich,tiny-vermilion-platypus,stale-black-opossum,zesty-sangria-frog"
10:21:02 AM,29.7809,-95.6121,1188.64,"future-ultraviolet-pig,furry-rouge-lemur,tiny-vermilion-platypus,skinny-pineapple-donkey,original-zinc-cat,delightful-coffee-hawk"
10:21:13 AM,29.7783,-95.6094,1206.36,"future-ultraviolet-pig,mammoth-sapphire-camel,zesty-sangria-frog"
10:21:25 AM,29.7739,-95.6098,1132.21,"future-ultraviolet-pig,furry-rouge-lemur,tiny-vermilion-platypus,stale-black-opossum,zesty-sangria-frog,skinny-pineapple-donkey,original-zinc-cat"
10:21:35 AM,29.7699,-95.6095,1235.89,"future-ultraviolet-pig,recumbent-seaweed-ostrich,furry-rouge-lemur,tiny-vermilion-platypus,stale-black-opossum,zesty-sangria-frog,skinny-pineapple-donkey"
10:21:46 AM,29.7669,-95.6071,1310.36,"delightful-gauze-finch,future-ultraviolet-pig,tiny-vermilion-platypus,stale-black-opossum,zesty-sangria-frog,skinny-pineapple-donkey,original-zinc-cat,delightful-coffee-hawk"
10:21:56 AM,29.7643,-95.6048,1319.88,"future-ultraviolet-pig,furry-rouge-lemur,stale-black-opossum,zesty-sangria-frog,skinny-pineapple-donkey,delightful-coffee-hawk"
10:22:07 AM,29.7617,-95.6018,1318.56,"future-ultraviolet-pig,stale-black-opossum,original-zinc-cat"
10:22:17 AM,29.7599,-95.5986,1352.69,"future-ultraviolet-pig,tiny-vermilion-platypus,stale-black-opossum,zesty-sangria-frog,original-zinc-cat,delightful-coffee-hawk"
10:22:27 AM,29.7566,-95.5974,1316.92,"clever-myrtle-sidewinder,tiny-vermilion-platypus,mammoth-sapphire-camel,zesty-sangria-frog,original-zinc-cat"
10:22:37 AM,29.7529,-95.598,1303.8,"future-ultraviolet-pig,zesty-sangria-frog,skinny-pineapple-donkey,original-zinc-cat,delightful-coffee-hawk"
10:22:48 AM,29.7487,-95.5986,1424.21,"future-ultraviolet-pig,recumbent-seaweed-ostrich,tiny-vermilion-platypus,tiny-sangria-pig,hidden-misty-cow,stale-black-opossum,zesty-sangria-frog,original-zinc-cat,savory-walnut-monkey"
10:22:58 AM,29.7456,-95.5971,1525.26,"future-ultraviolet-pig,furry-rouge-lemur,tiny-vermilion-platypus,hidden-misty-cow,stale-black-opossum,smooth-fern-armadillo,zesty-sangria-frog,skinny-pineapple-donkey,delightful-coffee-hawk"
10:23:10 AM,29.7426,-95.5945,1517.06,"future-ultraviolet-pig,furry-rouge-lemur,tiny-vermilion-platypus,smooth-fern-armadillo,zesty-sangria-frog,skinny-pineapple-donkey,original-zinc-cat,savory-walnut-monkey"
10:23:20 AM,29.7398,-95.5922,1524.27,"future-ultraviolet-pig,furry-rouge-lemur,tiny-vermilion-platypus,tiny-sangria-pig,hidden-misty-cow,zesty-sangria-frog,skinny-pineapple-donkey,original-zinc-cat,delightful-coffee-hawk"
10:23:30 AM,29.7367,-95.5897,1480.97,"future-ultraviolet-pig,furry-rouge-lemur,mammoth-sapphire-camel,zesty-sangria-frog,skinny-pineapple-donkey,original-zinc-cat,delightful-coffee-hawk"
10:23:41 AM,29.733,-95.5876,1444.88,"future-ultraviolet-pig,furry-rouge-lemur,zesty-sangria-frog,skinny-pineapple-donkey,original-zinc-cat,delightful-coffee-hawk"
10:23:51 AM,29.73,-95.5854,1478.01,"clever-myrtle-sidewinder,future-ultraviolet-pig,tiny-sangria-pig,zesty-sangria-frog,skinny-pineapple-donkey,delightful-coffee-hawk"
10:24:02 AM,29.7277,-95.5822,1483.59,"delightful-gauze-finch,clever-myrtle-sidewinder,future-ultraviolet-pig,furry-rouge-lemur,tiny-vermilion-platypus,zesty-sangria-frog,original-zinc-cat,delightful-coffee-hawk"
10:24:12 AM,29.7259,-95.5789,1458.66,"clever-myrtle-sidewinder,zesty-sangria-frog,skinny-pineapple-donkey,striped-sand-puppy,original-zinc-cat,delightful-coffee-hawk"
10:24:23 AM,29.7246,-95.5746,1330.05,"future-ultraviolet-pig,zesty-sangria-frog,striped-sand-puppy,original-zinc-cat,dizzy-nylon-pike,delightful-coffee-hawk"
10:24:34 AM,29.7228,-95.5704,1389.76,"future-ultraviolet-pig,stale-black-opossum,zesty-sangria-frog,skinny-pineapple-donkey,original-zinc-cat,delightful-coffee-hawk"
10:24:44 AM,29.7204,-95.5678,1461.28,"delightful-gauze-finch,future-ultraviolet-pig,furry-rouge-lemur,zesty-sangria-frog,skinny-pineapple-donkey,original-zinc-cat,delightful-coffee-hawk"
10:24:54 AM,29.7172,-95.566,1456.69,"future-ultraviolet-pig,furry-rouge-lemur,stale-black-opossum,zesty-sangria-frog,skinny-pineapple-donkey,thankful-currant-worm,original-zinc-cat"
10:25:35 AM,29.7047,-95.5596,1472.44,"delightful-gauze-finch,future-ultraviolet-pig,gentle-latte-sparrow,hidden-misty-cow,stale-black-opossum,skinny-pineapple-donkey,original-zinc-cat,delightful-coffee-hawk"
10:25:45 AM,29.7026,-95.5572,1437.66,"delightful-gauze-finch,future-ultraviolet-pig,furry-rouge-lemur,tiny-vermilion-platypus,bright-carmine-dog,gentle-latte-sparrow,hidden-misty-cow,zesty-sangria-frog,skinny-pineapple-donkey,thankful-currant-worm,original-zinc-cat,delightful-coffee-hawk"
10:25:55 AM,29.7001,-95.5542,1488.18,"delightful-gauze-finch,future-ultraviolet-pig,recumbent-seaweed-ostrich,furry-rouge-lemur,tiny-vermilion-platypus,gentle-latte-sparrow,hidden-misty-cow,stale-black-opossum,thankful-currant-worm,original-zinc-cat,delightful-coffee-hawk"
10:26:05 AM,29.6978,-95.5515,1440.61,"delightful-gauze-finch,clever-myrtle-sidewinder,future-ultraviolet-pig,hidden-misty-cow,zesty-sangria-frog,skinny-pineapple-donkey,thankful-currant-worm,original-zinc-cat,delightful-coffee-hawk"
10:26:16 AM,29.6955,-95.5471,1996.06,"delightful-gauze-finch,future-ultraviolet-pig,furry-rouge-lemur,hidden-misty-cow,stale-black-opossum,zesty-sangria-frog,skinny-pineapple-donkey,thankful-currant-worm,striped-sand-puppy,original-zinc-cat,delightful-coffee-hawk"
10:26:26 AM,29.6931,-95.5443,2346.12,"future-ultraviolet-pig,furry-rouge-lemur,tiny-vermilion-platypus,zesty-sangria-frog,thankful-currant-worm,original-zinc-cat,delightful-coffee-hawk"
10:26:36 AM,29.6908,-95.5417,2709.97,"future-ultraviolet-pig,furry-rouge-lemur,hidden-misty-cow,tricky-peanut-chameleon,original-zinc-cat,dizzy-nylon-pike,delightful-coffee-hawk"
10:26:46 AM,29.6878,-95.5394,2774.6,"future-ultraviolet-pig,tiny-sangria-pig,hidden-misty-cow,zesty-sangria-frog,skinny-pineapple-donkey,striped-sand-puppy,delightful-coffee-hawk"
10:26:56 AM,29.6846,-95.5368,2743.43,"clever-myrtle-sidewinder,future-ultraviolet-pig,furry-rouge-lemur,gentle-latte-sparrow,hidden-misty-cow,thankful-currant-worm,striped-sand-puppy,delightful-coffee-hawk"
10:27:07 AM,29.6813,-95.5339,2843.5,"clever-myrtle-sidewinder,future-ultraviolet-pig,recumbent-seaweed-ostrich,furry-rouge-lemur,feisty-azure-meerkat,gentle-latte-sparrow,hidden-misty-cow,skinny-pineapple-donkey,thankful-currant-worm"
10:27:18 AM,29.6783,-95.5312,2976.04,"clever-myrtle-sidewinder,future-ultraviolet-pig,furry-rouge-lemur,tiny-vermilion-platypus,feisty-azure-meerkat,hidden-misty-cow,skinny-pineapple-donkey,thankful-currant-worm,striped-sand-puppy,delightful-coffee-hawk"
10:27:29 AM,29.6748,-95.5288,3047.57,"future-ultraviolet-pig,furry-rouge-lemur,feisty-azure-meerkat,gentle-latte-sparrow,zesty-sangria-frog,striped-sand-puppy,original-zinc-cat,delightful-coffee-hawk"
10:27:40 AM,29.6717,-95.5265,3022.63,"future-ultraviolet-pig,furry-rouge-lemur,feisty-azure-meerkat,gentle-latte-sparrow,hidden-misty-cow,zesty-sangria-frog,skinny-pineapple-donkey,thankful-currant-worm,delightful-coffee-hawk"
10:27:51 AM,29.6684,-95.524,2927.16,"clever-myrtle-sidewinder,future-ultraviolet-pig,furry-rouge-lemur,feisty-azure-meerkat,hidden-misty-cow,zesty-sangria-frog,skinny-pineapple-donkey,thankful-currant-worm,dizzy-nylon-pike,delightful-coffee-hawk"
10:28:03 AM,29.6654,-95.5217,3006.56,"clever-myrtle-sidewinder,future-ultraviolet-pig,furry-rouge-lemur,feisty-azure-meerkat,hidden-misty-cow,zesty-sangria-frog,skinny-pineapple-donkey,thankful-currant-worm,striped-sand-puppy,delightful-coffee-hawk"
10:28:13 AM,29.6623,-95.5195,2851.04,"delightful-gauze-finch,future-ultraviolet-pig,furry-rouge-lemur,gentle-latte-sparrow,hidden-misty-cow,zesty-sangria-frog,skinny-pineapple-donkey,thankful-currant-worm,striped-sand-puppy,delightful-coffee-hawk"
10:28:23 AM,29.659,-95.5175,2849.73,"clever-myrtle-sidewinder,feisty-azure-meerkat,hidden-misty-cow,skinny-pineapple-donkey,thankful-currant-worm,original-zinc-cat,delightful-coffee-hawk"
10:28:33 AM,29.6553,-95.5158,2805.11,"furry-rouge-lemur,skinny-pineapple-donkey,radiant-eggshell-starling,thankful-currant-worm,delightful-coffee-hawk"
10:28:44 AM,29.652,-95.5138,2890.42,"clever-myrtle-sidewinder,future-ultraviolet-pig,furry-rouge-lemur,gentle-latte-sparrow,hidden-misty-cow,zesty-sangria-frog,skinny-pineapple-donkey,thankful-currant-worm,striped-sand-puppy,delightful-coffee-hawk"
10:28:55 AM,29.6486,-95.5115,2950.78,"clever-myrtle-sidewinder,furry-rouge-lemur,gentle-latte-sparrow,hidden-misty-cow,zesty-sangria-frog,skinny-pineapple-donkey,radiant-eggshell-starling,thankful-currant-worm,original-zinc-cat,delightful-coffee-hawk"
10:29:06 AM,29.6449,-95.5101,2922.9,"clever-myrtle-sidewinder,skinny-pineapple-donkey,radiant-eggshell-starling,thankful-currant-worm,original-zinc-cat,delightful-coffee-hawk"
10:29:16 AM,29.6416,-95.5088,2549.54,"clever-myrtle-sidewinder,hidden-misty-cow,skinny-pineapple-donkey,radiant-eggshell-starling,delightful-coffee-hawk"
10:29:26 AM,29.6384,-95.5072,2342.19,"clever-myrtle-sidewinder,future-ultraviolet-pig,furry-rouge-lemur,hidden-misty-cow,zesty-sangria-frog,skinny-pineapple-donkey,radiant-eggshell-starling,thankful-currant-worm,original-zinc-cat,delightful-coffee-hawk"
10:29:38 AM,29.6346,-95.5054,2116.79,"clever-myrtle-sidewinder,future-ultraviolet-pig,furry-rouge-lemur,tiny-vermilion-platypus,gentle-latte-sparrow,hidden-misty-cow,zesty-sangria-frog,skinny-pineapple-donkey,radiant-eggshell-starling,thankful-currant-worm,original-zinc-cat,delightful-coffee-hawk"
10:29:49 AM,29.6311,-95.5037,1876.31,"clever-myrtle-sidewinder,furry-rouge-lemur,hidden-misty-cow,skinny-pineapple-donkey,radiant-eggshell-starling,thankful-currant-worm,delightful-coffee-hawk"
10:30:00 AM,29.627,-95.5007,1914.37,"clever-myrtle-sidewinder,polite-leather-tortoise,gentle-latte-sparrow,hidden-misty-cow,skinny-pineapple-donkey,radiant-eggshell-starling,thankful-currant-worm,acidic-cyan-raccoon,original-zinc-cat,delightful-coffee-hawk"
10:30:09 AM,29.6238,-95.4989,1632.87,"clever-myrtle-sidewinder,future-ultraviolet-pig,furry-rouge-lemur,polite-leather-tortoise,gentle-latte-sparrow,hidden-misty-cow,zesty-sangria-frog,skinny-pineapple-donkey,radiant-eggshell-starling,thankful-currant-worm,acidic-cyan-raccoon,delightful-coffee-hawk"
10:30:20 AM,29.6205,-95.4972,1471.45,"clever-myrtle-sidewinder,future-ultraviolet-pig,furry-rouge-lemur,tiny-vermilion-platypus,gentle-latte-sparrow,hidden-misty-cow,zesty-sangria-frog,skinny-pineapple-donkey,radiant-eggshell-starling,thankful-currant-worm,acidic-cyan-raccoon,delightful-coffee-hawk"
10:30:31 AM,29.6165,-95.494,1379.59,"clever-myrtle-sidewinder,future-ultraviolet-pig,furry-rouge-lemur,polite-leather-tortoise,zesty-sangria-frog,skinny-pineapple-donkey,radiant-eggshell-starling,thankful-currant-worm,delightful-coffee-hawk"
10:30:42 AM,29.6134,-95.4922,1451.11,"unique-maroon-panther,clever-myrtle-sidewinder,furry-rouge-lemur,polite-leather-tortoise,bright-carmine-dog,hidden-misty-cow,skinny-pineapple-donkey,radiant-eggshell-starling,thankful-currant-worm,acidic-cyan-raccoon,original-zinc-cat,delightful-coffee-hawk"
10:30:51 AM,29.6106,-95.4908,1436.35,"clever-myrtle-sidewinder,furry-rouge-lemur,bright-carmine-dog,zesty-sangria-frog,skinny-pineapple-donkey,thankful-currant-worm,original-zinc-cat,delightful-coffee-hawk"
10:31:02 AM,29.6076,-95.4896,1485.89,"clever-myrtle-sidewinder,bright-carmine-dog,zesty-sangria-frog,thankful-currant-worm,original-zinc-cat,delightful-coffee-hawk"
10:31:13 AM,29.6045,-95.4884,1549.86,"clever-myrtle-sidewinder,furry-rouge-lemur,bright-carmine-dog,hidden-misty-cow,zesty-sangria-frog,skinny-pineapple-donkey,thankful-currant-worm,original-zinc-cat,formal-ginger-jaguar,delightful-coffee-hawk"
10:31:24 AM,29.601,-95.4867,1552.49,"clever-myrtle-sidewinder,bright-carmine-dog,gentle-latte-sparrow,hidden-misty-cow,zesty-sangria-frog,thankful-currant-worm"
10:31:35 AM,29.5977,-95.4852,1594.16,"clever-myrtle-sidewinder,furry-rouge-lemur,polite-leather-tortoise,bright-carmine-dog,hidden-misty-cow,skinny-pineapple-donkey,formal-ginger-jaguar"
10:31:46 AM,29.5943,-95.4834,1600.06,"delightful-gauze-finch,clever-myrtle-sidewinder,bright-carmine-dog,zesty-sangria-frog,thankful-currant-worm,original-zinc-cat,formal-ginger-jaguar"
10:31:57 AM,29.5908,-95.4816,1602.03,"delightful-gauze-finch,clever-myrtle-sidewinder,furry-rouge-lemur,gentle-latte-sparrow,zesty-sangria-frog,skinny-pineapple-donkey,original-zinc-cat,formal-ginger-jaguar"
10:32:08 AM,29.5872,-95.4798,1599.4,"clever-myrtle-sidewinder,future-ultraviolet-pig,furry-rouge-lemur,gentle-latte-sparrow,zesty-sangria-frog,original-zinc-cat,formal-ginger-jaguar,delightful-coffee-hawk"
10:32:18 AM,29.5837,-95.4782,1564.63,"unique-maroon-panther,clever-myrtle-sidewinder,furry-rouge-lemur,swift-berry-swift,zesty-sangria-frog,original-zinc-cat,formal-ginger-jaguar"
10:32:28 AM,29.5801,-95.4768,1533.46,"clever-myrtle-sidewinder,furry-rouge-lemur,hidden-misty-cow,smooth-fern-armadillo,skinny-pineapple-donkey,thankful-currant-worm,original-zinc-cat,formal-ginger-jaguar"
10:32:39 AM,29.5761,-95.4755,1535.76,"unique-maroon-panther,clever-myrtle-sidewinder,furry-rouge-lemur,gentle-latte-sparrow,smooth-fern-armadillo,skinny-pineapple-donkey,thankful-currant-worm,original-zinc-cat,formal-ginger-jaguar,delightful-coffee-hawk"
10:32:50 AM,29.5723,-95.4742,1536.41,"unique-maroon-panther,clever-myrtle-sidewinder,future-ultraviolet-pig,furry-rouge-lemur,bright-carmine-dog,gentle-latte-sparrow,thankful-currant-worm,original-zinc-cat,formal-ginger-jaguar,delightful-coffee-hawk"
10:33:01 AM,29.5686,-95.4729,1508.2,"zesty-sangria-frog,thankful-currant-worm"
10:33:11 AM,29.5651,-95.4724,1529.52,"polite-leather-tortoise,skinny-pineapple-donkey,thankful-currant-worm"
10:33:22 AM,29.5612,-95.4722,1538.05,"clever-myrtle-sidewinder,mini-plastic-crab,swift-berry-swift,gentle-latte-sparrow,radiant-eggshell-starling,thankful-currant-worm,delightful-coffee-hawk"
10:33:33 AM,29.5573,-95.472,1560.36,"furry-rouge-lemur,swift-berry-swift,hidden-misty-cow,zesty-sangria-frog,radiant-eggshell-starling,thankful-currant-worm,original-zinc-cat,delightful-coffee-hawk"
10:33:44 AM,29.5534,-95.4729,1556.1,"fit-blue-finch,clever-myrtle-sidewinder,furry-rouge-lemur,swift-berry-swift,radiant-eggshell-starling,thankful-currant-worm,delightful-coffee-hawk"
10:33:54 AM,29.5497,-95.4735,1533.46,"clever-myrtle-sidewinder,future-ultraviolet-pig,swift-berry-swift,zesty-sangria-frog,skinny-pineapple-donkey,radiant-eggshell-starling,delightful-coffee-hawk"
10:34:04 AM,29.5461,-95.4741,1542.32,"mini-plastic-crab,swift-berry-swift,zesty-sangria-frog,thankful-currant-worm,delightful-coffee-hawk"
10:34:15 AM,29.5425,-95.4762,1541.66,"unique-maroon-panther,zesty-sangria-frog,radiant-eggshell-starling,delightful-coffee-hawk"
10:34:26 AM,29.5392,-95.4787,1588.58,"rhythmic-rose-cougar,gentle-latte-sparrow,zesty-sangria-frog,radiant-eggshell-starling,delightful-coffee-hawk"
10:34:36 AM,29.5361,-95.4806,1621.39,"swift-berry-swift,gentle-latte-sparrow,zesty-sangria-frog,thankful-currant-worm,acidic-cyan-raccoon,delightful-coffee-hawk"
10:34:46 AM,29.5328,-95.4823,1588.58,"swift-berry-swift,loud-pink-bison,zesty-sangria-frog,radiant-eggshell-starling,thankful-currant-worm,acidic-cyan-raccoon"
10:34:56 AM,29.5298,-95.4842,1597.44,"clever-myrtle-sidewinder,furry-rouge-lemur,mini-plastic-crab,swift-berry-swift,skinny-pineapple-donkey,delightful-coffee-hawk"
10:35:07 AM,29.5265,-95.4847,1561.35,"furry-rouge-lemur,swift-berry-swift,zesty-sangria-frog,skinny-pineapple-donkey,thankful-currant-worm,acidic-cyan-raccoon"
10:35:18 AM,29.523,-95.4847,1576.44,"unique-maroon-panther,clever-myrtle-sidewinder,skinny-pineapple-donkey,radiant-eggshell-starling,delightful-coffee-hawk"
10:35:28 AM,29.5199,-95.4845,1562.66,"unique-maroon-panther,clever-myrtle-sidewinder,swift-berry-swift,gentle-latte-sparrow,zesty-sangria-frog,acidic-cyan-raccoon,delightful-coffee-hawk"
10:35:39 AM,29.5163,-95.4844,1572.5,"furry-rouge-lemur,swift-berry-swift,zesty-sangria-frog,radiant-eggshell-starling,thankful-currant-worm"
10:35:50 AM,29.5126,-95.4843,1616.79,"clever-myrtle-sidewinder,swift-berry-swift,zesty-sangria-frog,skinny-pineapple-donkey,thankful-currant-worm"
10:36:01 AM,29.5091,-95.4842,1663.38,"unique-maroon-panther,clever-myrtle-sidewinder,future-ultraviolet-pig,polite-leather-tortoise,swift-berry-swift,zesty-sangria-frog,early-midnight-cougar,thankful-currant-worm,delightful-coffee-hawk"
10:36:11 AM,29.506,-95.4843,1700.45,"clever-myrtle-sidewinder,swift-berry-swift,dazzling-alabaster-bird,zesty-sangria-frog,radiant-eggshell-starling,thankful-currant-worm,acidic-cyan-raccoon,delightful-coffee-hawk"
10:36:52 AM,29.4935,-95.4843,1729,"unique-maroon-panther,furry-rouge-lemur,swift-berry-swift,zesty-sangria-frog,thankful-currant-worm,acidic-cyan-raccoon"
10:37:02 AM,29.4898,-95.4847,1724.73,"unique-maroon-panther,clever-myrtle-sidewinder,future-ultraviolet-pig,mini-plastic-crab,swift-berry-swift,bright-carmine-dog,loud-pink-bison,zesty-sangria-frog,early-midnight-cougar,acidic-cyan-raccoon,delightful-coffee-hawk"
10:37:12 AM,29.4862,-95.4845,1745.73,"unique-maroon-panther,fit-blue-finch,clever-myrtle-sidewinder,future-ultraviolet-pig,mini-plastic-crab,swift-berry-swift,loud-pink-bison,zesty-sangria-frog,radiant-eggshell-starling,thankful-currant-worm,acidic-cyan-raccoon,chilly-shamrock-mammoth,delightful-coffee-hawk"
10:37:23 AM,29.4823,-95.4845,1737.2,"furry-rouge-lemur,swift-berry-swift,radiant-eggshell-starling"
10:37:34 AM,29.4785,-95.4861,1765.42,"swift-berry-swift,zesty-sangria-frog"
10:37:45 AM,29.4757,-95.4888,1761.81,"clever-myrtle-sidewinder,furry-rouge-lemur,tiny-vermilion-platypus,polite-leather-tortoise,swift-berry-swift,dazzling-alabaster-bird,hidden-misty-cow,zesty-sangria-frog,early-midnight-cougar,radiant-eggshell-starling,acidic-cyan-raccoon,delightful-coffee-hawk"
10:37:55 AM,29.4724,-95.4904,1819.55,"unique-maroon-panther,clever-myrtle-sidewinder,swift-berry-swift,zesty-sangria-frog,thankful-currant-worm,delightful-coffee-hawk"
10:38:05 AM,29.4695,-95.4891,1814.3,"future-ultraviolet-pig,swift-berry-swift,zesty-sangria-frog"
10:38:16 AM,29.4659,-95.4884,1793.63,"clever-myrtle-sidewinder,swift-berry-swift,delightful-coffee-hawk"
10:38:27 AM,29.4623,-95.488,1758.2,"unique-maroon-panther,fit-blue-finch,clever-myrtle-sidewinder,swift-berry-swift,chilly-shamrock-mammoth,delightful-coffee-hawk"
10:38:38 AM,29.4584,-95.4874,1740.81,"mini-plastic-crab,swift-berry-swift,delightful-coffee-hawk"
10:38:48 AM,29.4547,-95.487,1749.67,"fit-blue-finch,rare-cream-salmon"
10:39:00 AM,29.4505,-95.4861,1755.57,delightful-coffee-hawk
10:39:11 AM,29.4467,-95.4858,1732.28,"unique-maroon-panther,fit-blue-finch,future-ultraviolet-pig,swift-berry-swift,zesty-sangria-frog,delightful-coffee-hawk"
10:39:22 AM,29.4428,-95.4857,1722.76,"unique-maroon-panther,clever-myrtle-sidewinder,future-ultraviolet-pig,swift-berry-swift,zesty-sangria-frog,delightful-coffee-hawk"
10:39:32 AM,29.4393,-95.4857,1716.86,"clever-myrtle-sidewinder,future-ultraviolet-pig,zesty-sangria-frog,delightful-coffee-hawk"
10:39:42 AM,29.4359,-95.4857,1724.4,"unique-maroon-panther,zesty-sangria-frog,delightful-coffee-hawk"
10:39:53 AM,29.4322,-95.4856,1724.08,"unique-maroon-panther,future-ultraviolet-pig,swift-berry-swift,zesty-sangria-frog,delightful-coffee-hawk"
10:40:04 AM,29.4285,-95.4855,1716.86,"unique-maroon-panther,delightful-coffee-hawk"
10:40:15 AM,29.4247,-95.4858,1696.52,"unique-maroon-panther,swift-berry-swift"
10:40:27 AM,29.4208,-95.486,1692.58,"unique-maroon-panther,clever-myrtle-sidewinder,zesty-sangria-frog"
10:40:37 AM,29.4169,-95.4862,1704.72,"unique-maroon-panther,future-ultraviolet-pig,zesty-sangria-frog"
10:40:47 AM,29.4132,-95.4866,1685.03,unique-maroon-panther
10:40:57 AM,29.4096,-95.4875,1640.42,"unique-maroon-panther,swift-berry-swift,zesty-sangria-frog"
10:41:07 AM,29.4059,-95.489,1647.96,"unique-maroon-panther,future-ultraviolet-pig,swift-berry-swift"
10:41:18 AM,29.4022,-95.4904,1645.66,"furry-rouge-lemur,zesty-sangria-frog"
10:41:39 AM,29.3943,-95.4925,1638.77,fit-blue-finch
10:42:00 AM,29.3861,-95.4932,1567.91,zesty-sangria-frog
3:52:40 PM,29.4299,-95.4658,1143.7,furry-rouge-lemur
3:52:50 PM,29.4338,-95.4649,1174.86,zesty-sangria-frog
3:53:01 PM,29.4375,-95.4653,1208.33,polite-leather-tortoise
3:53:11 PM,29.4412,-95.4657,1139.1,"clever-myrtle-sidewinder,polite-leather-tortoise"
3:53:23 PM,29.4454,-95.4664,1141.4,future-ultraviolet-pig
3:53:43 PM,29.4533,-95.4679,1162.4,zesty-sangria-frog
3:54:04 PM,29.4615,-95.4688,1155.18,"swift-berry-swift,zesty-sangria-frog"
3:54:15 PM,29.4652,-95.4698,1134.84,"unique-maroon-panther,swift-berry-swift"
3:54:24 PM,29.4688,-95.4705,1191.6,"unique-maroon-panther,polite-leather-tortoise,swift-berry-swift,zesty-sangria-frog"
3:54:36 PM,29.4727,-95.471,1168.3,"clever-myrtle-sidewinder,zesty-sangria-frog"
3:54:46 PM,29.4765,-95.4712,1146.98,swift-berry-swift
3:54:57 PM,29.4806,-95.4715,1221.12,"clever-myrtle-sidewinder,future-ultraviolet-pig,polite-leather-tortoise,swift-berry-swift,zesty-sangria-frog,radiant-eggshell-starling"
3:55:07 PM,29.4845,-95.472,1246.06,"unique-maroon-panther,clever-myrtle-sidewinder,polite-leather-tortoise,zesty-sangria-frog,radiant-eggshell-starling"
3:55:17 PM,29.4879,-95.4725,1254.92,"future-ultraviolet-pig,polite-leather-tortoise,zesty-sangria-frog,radiant-eggshell-starling"
3:55:28 PM,29.4915,-95.4729,1236.87,"unique-maroon-panther,future-ultraviolet-pig,polite-leather-tortoise,swift-berry-swift,zesty-sangria-frog,radiant-eggshell-starling,delightful-coffee-hawk"
3:55:38 PM,29.4953,-95.4731,1292.65,"swift-berry-swift,radiant-eggshell-starling,thankful-currant-worm,delightful-coffee-hawk"
3:55:49 PM,29.4988,-95.4729,1375.32,"unique-maroon-panther,clever-myrtle-sidewinder,future-ultraviolet-pig,swift-berry-swift,loud-pink-bison,radiant-eggshell-starling,thankful-currant-worm"
3:55:59 PM,29.5022,-95.4728,1463.91,"unique-maroon-panther,swift-berry-swift,zesty-sangria-frog,radiant-eggshell-starling,thankful-currant-worm,delightful-coffee-hawk"
3:56:09 PM,29.5058,-95.4727,1478.67,"unique-maroon-panther,swift-berry-swift,loud-pink-bison,zesty-sangria-frog,radiant-eggshell-starling,thankful-currant-worm"
3:56:20 PM,29.5093,-95.4727,1500.98,"clever-myrtle-sidewinder,future-ultraviolet-pig,polite-leather-tortoise,swift-berry-swift,zesty-sangria-frog,radiant-eggshell-starling"
3:56:31 PM,29.5131,-95.4731,1561.35,"mini-plastic-crab,polite-leather-tortoise,swift-berry-swift,zesty-sangria-frog,radiant-eggshell-starling,thankful-currant-worm"
3:56:41 PM,29.5167,-95.4734,1592.51,"polite-leather-tortoise,swift-berry-swift,zesty-sangria-frog,acidic-cyan-raccoon"
3:56:51 PM,29.5199,-95.4741,1609.25,"unique-maroon-panther,mini-plastic-crab,polite-leather-tortoise,loud-pink-bison,zesty-sangria-frog,acidic-cyan-raccoon,delightful-coffee-hawk"
3:57:02 PM,29.5235,-95.4748,1550.19,"polite-leather-tortoise,swift-berry-swift,gentle-latte-sparrow,zesty-sangria-frog"
3:57:13 PM,29.5272,-95.4754,1537.72,"future-ultraviolet-pig,mini-plastic-crab,swift-berry-swift,zesty-sangria-frog,radiant-eggshell-starling,thankful-currant-worm,original-zinc-cat,delightful-coffee-hawk"
3:57:23 PM,29.5305,-95.4756,1570.53,"mini-plastic-crab,polite-leather-tortoise,swift-berry-swift,zesty-sangria-frog,radiant-eggshell-starling,thankful-currant-worm,acidic-cyan-raccoon"
3:57:33 PM,29.5336,-95.4757,1598.75,"future-ultraviolet-pig,furry-rouge-lemur,mini-plastic-crab,polite-leather-tortoise,swift-berry-swift,zesty-sangria-frog,radiant-eggshell-starling,thankful-currant-worm,acidic-cyan-raccoon,delightful-coffee-hawk"
3:57:43 PM,29.5367,-95.4758,1619.42,"future-ultraviolet-pig,mini-plastic-crab,polite-leather-tortoise,swift-berry-swift,zesty-sangria-frog,radiant-eggshell-starling,thankful-currant-worm,original-zinc-cat"
3:57:55 PM,29.5403,-95.4757,1575.45,"unique-maroon-panther,clever-myrtle-sidewinder,polite-leather-tortoise,zesty-sangria-frog,radiant-eggshell-starling,thankful-currant-worm"
3:58:04 PM,29.5436,-95.4755,1570.21,"mini-plastic-crab,polite-leather-tortoise,swift-berry-swift,zesty-sangria-frog,radiant-eggshell-starling,original-zinc-cat"
3:58:15 PM,29.5473,-95.4754,1609.9,"mini-plastic-crab,swift-berry-swift,zesty-sangria-frog,radiant-eggshell-starling,delightful-coffee-hawk"
3:58:29 PM,29.5507,-95.4754,1615.48,"unique-maroon-panther,polite-leather-tortoise,swift-berry-swift,gentle-latte-sparrow,hidden-misty-cow,zesty-sangria-frog,skinny-pineapple-donkey,radiant-eggshell-starling,thankful-currant-worm"
3:58:36 PM,29.5544,-95.4754,1655.51,"unique-maroon-panther,mini-plastic-crab,polite-leather-tortoise,swift-berry-swift,gentle-latte-sparrow,zesty-sangria-frog,radiant-eggshell-starling,thankful-currant-worm,original-zinc-cat,delightful-coffee-hawk"
3:58:46 PM,29.5579,-95.4754,1642.71,"polite-leather-tortoise,dazzling-alabaster-bird,zesty-sangria-frog,delightful-coffee-hawk"
3:58:57 PM,29.5615,-95.4753,1617.12,"future-ultraviolet-pig,polite-leather-tortoise,zesty-sangria-frog,radiant-eggshell-starling,delightful-coffee-hawk"
3:59:06 PM,29.5651,-95.4752,1592.19,"unique-maroon-panther,zesty-sangria-frog,rare-cream-salmon,radiant-eggshell-starling,thankful-currant-worm,original-zinc-cat,formal-ginger-jaguar"
3:59:51 PM,29.5821,-95.4773,1580.7,"unique-maroon-panther,tiny-vermilion-platypus,polite-leather-tortoise,gentle-latte-sparrow,zesty-sangria-frog,skinny-pineapple-donkey,radiant-eggshell-starling,thankful-currant-worm,original-zinc-cat,formal-ginger-jaguar"
4:00:02 PM,29.5858,-95.4782,1640.09,"clever-myrtle-sidewinder,future-ultraviolet-pig,tiny-vermilion-platypus,polite-leather-tortoise,bright-carmine-dog,gentle-latte-sparrow,hidden-misty-cow,zesty-sangria-frog,skinny-pineapple-donkey,radiant-eggshell-starling,thankful-currant-worm,original-zinc-cat,formal-ginger-jaguar"
4:00:12 PM,29.5894,-95.4792,1644.68,"unique-maroon-panther,clever-myrtle-sidewinder,tiny-vermilion-platypus,polite-leather-tortoise,gentle-latte-sparrow,hidden-misty-cow,zesty-sangria-frog,skinny-pineapple-donkey,radiant-eggshell-starling,thankful-currant-worm,original-zinc-cat,delightful-coffee-hawk"
4:00:23 PM,29.5933,-95.4804,1603.34,"clever-myrtle-sidewinder,zesty-sangria-frog,skinny-pineapple-donkey,radiant-eggshell-starling,thankful-currant-worm,original-zinc-cat,delightful-coffee-hawk"
4:00:33 PM,29.5969,-95.4816,1604,"delightful-gauze-finch,clever-myrtle-sidewinder,polite-leather-tortoise,bright-carmine-dog,gentle-latte-sparrow,hidden-misty-cow,radiant-eggshell-starling,thankful-currant-worm,original-zinc-cat,delightful-coffee-hawk"
4:00:43 PM,29.6004,-95.4831,1538.38,"delightful-gauze-finch,clever-myrtle-sidewinder,future-ultraviolet-pig,polite-leather-tortoise,bright-carmine-dog,gentle-latte-sparrow,hidden-misty-cow,zesty-sangria-frog,radiant-eggshell-starling,thankful-currant-worm,striped-sand-puppy,original-zinc-cat,delightful-coffee-hawk"
4:00:55 PM,29.6046,-95.4851,1494.42,"future-ultraviolet-pig,recumbent-seaweed-ostrich,furry-rouge-lemur,polite-leather-tortoise,bright-carmine-dog,gentle-latte-sparrow,hidden-misty-cow,zesty-sangria-frog,thankful-currant-worm,original-zinc-cat,delightful-coffee-hawk"
4:01:06 PM,29.6085,-95.4869,1486.22,"clever-myrtle-sidewinder,future-ultraviolet-pig,bright-carmine-dog,gentle-latte-sparrow,hidden-misty-cow,zesty-sangria-frog,skinny-pineapple-donkey,thankful-currant-worm,acidic-cyan-raccoon"
4:01:17 PM,29.612,-95.4887,1491.46,"delightful-gauze-finch,clever-myrtle-sidewinder,future-ultraviolet-pig,furry-rouge-lemur,polite-leather-tortoise,bright-carmine-dog,gentle-latte-sparrow,hidden-misty-cow,zesty-sangria-frog,skinny-pineapple-donkey,radiant-eggshell-starling,thankful-currant-worm,acidic-cyan-raccoon,original-zinc-cat,delightful-coffee-hawk"
4:01:27 PM,29.6158,-95.4911,1476.37,"delightful-gauze-finch,clever-myrtle-sidewinder,future-ultraviolet-pig,furry-rouge-lemur,tiny-vermilion-platypus,gentle-latte-sparrow,hidden-misty-cow,zesty-sangria-frog,skinny-pineapple-donkey,radiant-eggshell-starling,thankful-currant-worm,acidic-cyan-raccoon,original-zinc-cat,delightful-coffee-hawk"
4:01:38 PM,29.6198,-95.4937,1563.64,"delightful-gauze-finch,future-ultraviolet-pig,furry-rouge-lemur,tiny-vermilion-platypus,feisty-azure-meerkat,polite-leather-tortoise,hidden-misty-cow,zesty-sangria-frog,skinny-pineapple-donkey,radiant-eggshell-starling,thankful-currant-worm,original-zinc-cat,delightful-coffee-hawk"
4:01:49 PM,29.6238,-95.4962,1647.3,"delightful-gauze-finch,clever-myrtle-sidewinder,tiny-vermilion-platypus,feisty-azure-meerkat,polite-leather-tortoise,bright-carmine-dog,gentle-latte-sparrow,zesty-sangria-frog,skinny-pineapple-donkey,rare-cream-salmon,radiant-eggshell-starling,thankful-currant-worm,acidic-cyan-raccoon,original-zinc-cat,delightful-coffee-hawk"
4:01:59 PM,29.6273,-95.4984,1672.9,"clever-myrtle-sidewinder,future-ultraviolet-pig,furry-rouge-lemur,feisty-azure-meerkat,polite-leather-tortoise,bright-carmine-dog,hidden-misty-cow,stale-black-opossum,zesty-sangria-frog,skinny-pineapple-donkey,radiant-eggshell-starling,thankful-currant-worm,acidic-cyan-raccoon,original-zinc-cat"
4:02:10 PM,29.631,-95.5011,1645.99,"tiny-vermilion-platypus,feisty-azure-meerkat,bright-carmine-dog,gentle-latte-sparrow,hidden-misty-cow,skinny-pineapple-donkey,radiant-eggshell-starling,thankful-currant-worm,delightful-coffee-hawk"
4:02:20 PM,29.6342,-95.5038,1605.31,"delightful-gauze-finch,clever-myrtle-sidewinder,future-ultraviolet-pig,bright-carmine-dog,gentle-latte-sparrow,hidden-misty-cow,skinny-pineapple-donkey,radiant-eggshell-starling,thankful-currant-worm,original-zinc-cat,delightful-coffee-hawk"
4:02:30 PM,29.6377,-95.506,1570.21,"delightful-gauze-finch,clever-myrtle-sidewinder,tiny-vermilion-platypus,feisty-azure-meerkat,bright-carmine-dog,gentle-latte-sparrow,hidden-misty-cow,zesty-sangria-frog,radiant-eggshell-starling,thankful-currant-worm,original-zinc-cat,delightful-coffee-hawk"
4:02:41 PM,29.6417,-95.5084,1531.82,"clever-myrtle-sidewinder,future-ultraviolet-pig,furry-rouge-lemur,bright-carmine-dog,hidden-misty-cow,zesty-sangria-frog,skinny-pineapple-donkey,radiant-eggshell-starling,thankful-currant-worm,striped-sand-puppy,original-zinc-cat,delightful-coffee-hawk"
4:02:51 PM,29.6454,-95.5104,1567.58,"delightful-gauze-finch,future-ultraviolet-pig,furry-rouge-lemur,tiny-vermilion-platypus,bright-carmine-dog,gentle-latte-sparrow,hidden-misty-cow,skinny-pineapple-donkey,radiant-eggshell-starling,thankful-currant-worm,striped-sand-puppy,original-zinc-cat,delightful-coffee-hawk"
4:03:12 PM,29.6492,-95.5127,1542.97,"furry-rouge-lemur,tiny-vermilion-platypus,gentle-latte-sparrow,hidden-misty-cow,zesty-sangria-frog,skinny-pineapple-donkey,radiant-eggshell-starling,thankful-currant-worm,striped-sand-puppy,original-zinc-cat,delightful-coffee-hawk"
4:03:13 PM,29.653,-95.5153,1541.33,"delightful-gauze-finch,clever-myrtle-sidewinder,future-ultraviolet-pig,furry-rouge-lemur,hidden-misty-cow,stale-black-opossum,zesty-sangria-frog,skinny-pineapple-donkey,thankful-currant-worm,striped-sand-puppy,original-zinc-cat"
4:03:24 PM,29.6568,-95.5178,1566.92,"future-ultraviolet-pig,tiny-vermilion-platypus,bright-carmine-dog,hidden-misty-cow,zesty-sangria-frog,skinny-pineapple-donkey,thankful-currant-worm,striped-sand-puppy,original-zinc-cat,delightful-coffee-hawk"
4:03:34 PM,29.6605,-95.52,1623.35,"delightful-gauze-finch,clever-myrtle-sidewinder,furry-rouge-lemur,hidden-misty-cow,zesty-sangria-frog,skinny-pineapple-donkey,thankful-currant-worm,striped-sand-puppy,original-zinc-cat,delightful-coffee-hawk"
4:03:44 PM,29.664,-95.5224,1658.13,"clever-myrtle-sidewinder,future-ultraviolet-pig,furry-rouge-lemur,gentle-latte-sparrow,hidden-misty-cow,zesty-sangria-frog,skinny-pineapple-donkey,thankful-currant-worm,striped-sand-puppy,original-zinc-cat,delightful-coffee-hawk"
4:03:55 PM,29.6678,-95.5252,1566.27,"clever-myrtle-sidewinder,future-ultraviolet-pig,furry-rouge-lemur,feisty-azure-meerkat,gentle-latte-sparrow,hidden-misty-cow,stale-black-opossum,skinny-pineapple-donkey,thankful-currant-worm,original-zinc-cat,dizzy-nylon-pike,delightful-coffee-hawk"
4:04:06 PM,29.6713,-95.5277,1582.02,"future-ultraviolet-pig,recumbent-seaweed-ostrich,furry-rouge-lemur,feisty-azure-meerkat,hidden-misty-cow,tricky-peanut-chameleon,zesty-sangria-frog,skinny-pineapple-donkey,thankful-currant-worm,striped-sand-puppy,original-zinc-cat,delightful-coffee-hawk"
4:04:15 PM,29.6748,-95.5303,1666.33,"clever-myrtle-sidewinder,future-ultraviolet-pig,furry-rouge-lemur,hidden-misty-cow,zesty-sangria-frog,skinny-pineapple-donkey,thankful-currant-worm,striped-sand-puppy,original-zinc-cat,dizzy-nylon-pike,delightful-coffee-hawk"
4:04:25 PM,29.6783,-95.533,1612.2,"clever-myrtle-sidewinder,future-ultraviolet-pig,recumbent-seaweed-ostrich,feisty-azure-meerkat,hidden-misty-cow,zesty-sangria-frog,skinny-pineapple-donkey,thankful-currant-worm,striped-sand-puppy,original-zinc-cat,delightful-coffee-hawk"
4:04:35 PM,29.6816,-95.5357,1553.8,"delightful-gauze-finch,clever-myrtle-sidewinder,future-ultraviolet-pig,recumbent-seaweed-ostrich,furry-rouge-lemur,hidden-misty-cow,zesty-sangria-frog,skinny-pineapple-donkey,original-zinc-cat,delightful-coffee-hawk"
4:04:46 PM,29.6851,-95.5388,1521.98,"future-ultraviolet-pig,furry-rouge-lemur,feisty-azure-meerkat,gentle-latte-sparrow,hidden-misty-cow,zesty-sangria-frog,skinny-pineapple-donkey,radiant-eggshell-starling,striped-sand-puppy,original-zinc-cat,delightful-coffee-hawk"
4:04:56 PM,29.6884,-95.5416,1499.34,"delightful-gauze-finch,clever-myrtle-sidewinder,future-ultraviolet-pig,furry-rouge-lemur,tiny-vermilion-platypus,feisty-azure-meerkat,hidden-misty-cow,zesty-sangria-frog,skinny-pineapple-donkey,thankful-currant-worm,original-zinc-cat,delightful-coffee-hawk"
4:05:07 PM,29.692,-95.5447,1565.94,"clever-myrtle-sidewinder,future-ultraviolet-pig,furry-rouge-lemur,gentle-latte-sparrow,hidden-misty-cow,stale-black-opossum,zesty-sangria-frog,skinny-pineapple-donkey,original-zinc-cat,dizzy-nylon-pike,delightful-coffee-hawk"
4:05:17 PM,29.6951,-95.5477,1571.19,"delightful-gauze-finch,clever-myrtle-sidewinder,future-ultraviolet-pig,furry-rouge-lemur,tiny-vermilion-platypus,mammoth-sapphire-camel,hidden-misty-cow,stale-black-opossum,zesty-sangria-frog,skinny-pineapple-donkey,thankful-currant-worm,original-zinc-cat,delightful-coffee-hawk"
4:05:28 PM,29.6985,-95.5507,1536.41,"delightful-gauze-finch,future-ultraviolet-pig,furry-rouge-lemur,feisty-azure-meerkat,mammoth-sapphire-camel,gentle-latte-sparrow,hidden-misty-cow,stale-black-opossum,zesty-sangria-frog,skinny-pineapple-donkey,thankful-currant-worm,original-zinc-cat,dizzy-nylon-pike,delightful-coffee-hawk"
4:05:39 PM,29.7019,-95.5539,1517.71,"delightful-gauze-finch,clever-myrtle-sidewinder,future-ultraviolet-pig,furry-rouge-lemur,feisty-azure-meerkat,hidden-misty-cow,stale-black-opossum,smooth-fern-armadillo,zesty-sangria-frog,skinny-pineapple-donkey,thankful-currant-worm,original-zinc-cat,delightful-coffee-hawk"
4:05:50 PM,29.7055,-95.5571,1533.46,"delightful-gauze-finch,future-ultraviolet-pig,furry-rouge-lemur,tiny-vermilion-platypus,hidden-misty-cow,zesty-sangria-frog,skinny-pineapple-donkey,thankful-currant-worm,original-zinc-cat,delightful-coffee-hawk"
4:06:01 PM,29.7093,-95.5601,1478.34,"future-ultraviolet-pig,furry-rouge-lemur,tiny-vermilion-platypus,hidden-misty-cow,stale-black-opossum,zesty-sangria-frog,skinny-pineapple-donkey,thankful-currant-worm,original-zinc-cat,delightful-coffee-hawk"
4:06:11 PM,29.713,-95.5628,1462.27,"delightful-gauze-finch,clever-myrtle-sidewinder,future-ultraviolet-pig,furry-rouge-lemur,feisty-azure-meerkat,bright-carmine-dog,hidden-misty-cow,zesty-sangria-frog,skinny-pineapple-donkey,thankful-currant-worm,original-zinc-cat,delightful-coffee-hawk"
4:06:22 PM,29.7171,-95.5662,1447.5,"delightful-gauze-finch,future-ultraviolet-pig,furry-rouge-lemur,hidden-misty-cow,stale-black-opossum,zesty-sangria-frog,original-zinc-cat"
4:06:33 PM,29.7208,-95.5698,1411.08,"delightful-gauze-finch,future-ultraviolet-pig,bright-carmine-dog,hidden-misty-cow,stale-black-opossum,zesty-sangria-frog,skinny-pineapple-donkey,original-zinc-cat,savory-walnut-monkey,delightful-coffee-hawk"
4:06:44 PM,29.7245,-95.5736,1430.44,"delightful-gauze-finch,future-ultraviolet-pig,tiny-vermilion-platypus,hidden-misty-cow,zesty-sangria-frog,striped-sand-puppy,original-zinc-cat,delightful-coffee-hawk"
4:06:55 PM,29.728,-95.5774,1448.49,"delightful-gauze-finch,future-ultraviolet-pig,recumbent-seaweed-ostrich,furry-rouge-lemur,tiny-vermilion-platypus,feisty-azure-meerkat,hidden-misty-cow,stale-black-opossum,zesty-sangria-frog,skinny-pineapple-donkey,original-zinc-cat,delightful-coffee-hawk"
4:07:05 PM,29.7311,-95.5807,1469.81,"clever-myrtle-sidewinder,future-ultraviolet-pig,furry-rouge-lemur,tiny-vermilion-platypus,hidden-misty-cow,zesty-sangria-frog,original-zinc-cat,delightful-coffee-hawk"
4:07:16 PM,29.7344,-95.5838,1491.14,"delightful-gauze-finch,clever-myrtle-sidewinder,future-ultraviolet-pig,tiny-vermilion-platypus,mammoth-sapphire-camel,smooth-fern-armadillo,original-zinc-cat,savory-walnut-monkey,delightful-coffee-hawk"
4:07:27 PM,29.738,-95.5874,1483.59,"delightful-gauze-finch,clever-myrtle-sidewinder,future-ultraviolet-pig,stale-black-opossum,zesty-sangria-frog,striped-sand-puppy,original-zinc-cat,delightful-coffee-hawk"
4:07:37 PM,29.7416,-95.5911,1457.02,"clever-myrtle-sidewinder,future-ultraviolet-pig,tiny-vermilion-platypus,mammoth-sapphire-camel,hidden-misty-cow,stale-black-opossum,zesty-sangria-frog,skinny-pineapple-donkey,original-zinc-cat,delightful-coffee-hawk"
4:07:48 PM,29.7451,-95.5946,1408.46,"future-ultraviolet-pig,furry-rouge-lemur,tiny-vermilion-platypus,hidden-misty-cow,stale-black-opossum,smooth-fern-armadillo,zesty-sangria-frog,skinny-pineapple-donkey,original-zinc-cat,delightful-coffee-hawk"
4:07:58 PM,29.7484,-95.5978,1387.13,"future-ultraviolet-pig,furry-rouge-lemur,tiny-vermilion-platypus,bright-carmine-dog,stale-black-opossum,zesty-sangria-frog,skinny-pineapple-donkey,original-zinc-cat,delightful-coffee-hawk"
4:08:09 PM,29.752,-95.6014,1346.12,"clever-myrtle-sidewinder,future-ultraviolet-pig,tiny-vermilion-platypus,mammoth-sapphire-camel,stale-black-opossum,smooth-fern-armadillo,zesty-sangria-frog,striped-sand-puppy,original-zinc-cat,delightful-coffee-hawk"
4:08:20 PM,29.7557,-95.6052,1349.08,"future-ultraviolet-pig,tiny-vermilion-platypus,mammoth-sapphire-camel,stale-black-opossum,zesty-sangria-frog,skinny-pineapple-donkey,original-zinc-cat,delightful-coffee-hawk"
4:08:31 PM,29.7593,-95.6085,1355.31,"future-ultraviolet-pig,tiny-vermilion-platypus,mammoth-sapphire-camel,hidden-misty-cow,stale-black-opossum,zesty-sangria-frog,original-zinc-cat,delightful-coffee-hawk"
4:08:42 PM,29.7636,-95.611,1337.27,"future-ultraviolet-pig,mammoth-sapphire-camel,stale-black-opossum,zesty-sangria-frog,original-zinc-cat,delightful-coffee-hawk"
4:08:52 PM,29.7675,-95.6133,1304.13,"future-ultraviolet-pig,stale-black-opossum,zesty-sangria-frog,delightful-coffee-hawk"
4:09:03 PM,29.7715,-95.6158,1235.23,"delightful-gauze-finch,future-ultraviolet-pig,recumbent-seaweed-ostrich,tiny-vermilion-platypus,mammoth-sapphire-camel,stale-black-opossum,zesty-sangria-frog,original-zinc-cat,delightful-coffee-hawk"
4:09:15 PM,29.7758,-95.619,1227.36,"future-ultraviolet-pig,recumbent-seaweed-ostrich,tiny-vermilion-platypus,tiny-sangria-pig,stale-black-opossum,zesty-sangria-frog,original-zinc-cat,delightful-coffee-hawk"
4:09:27 PM,29.7796,-95.6225,1260.17,"future-ultraviolet-pig,tiny-vermilion-platypus,mammoth-sapphire-camel,zesty-sangria-frog"
4:09:37 PM,29.7837,-95.6244,1306.1,"future-ultraviolet-pig,tiny-vermilion-platypus,stale-black-opossum,zesty-sangria-frog,original-zinc-cat,delightful-coffee-hawk"
4:09:48 PM,29.7878,-95.6266,1295.93,"future-ultraviolet-pig,tiny-vermilion-platypus,stale-black-opossum,skinny-pineapple-donkey,striped-sand-puppy,original-zinc-cat,delightful-coffee-hawk"
4:09:59 PM,29.7905,-95.6309,1281.82,"delightful-gauze-finch,future-ultraviolet-pig,recumbent-seaweed-ostrich,bright-carmine-dog,stale-black-opossum"
4:10:09 PM,29.7925,-95.6354,1280.51,"future-ultraviolet-pig,recumbent-seaweed-ostrich,tiny-vermilion-platypus,mammoth-sapphire-camel,tiny-sangria-pig,stale-black-opossum"
4:10:20 PM,29.7949,-95.6406,1305.77,"future-ultraviolet-pig,mammoth-sapphire-camel,stale-black-opossum"
4:11:01 PM,29.8086,-95.6531,1380.9,"future-ultraviolet-pig,tiny-vermilion-platypus,mammoth-sapphire-camel,tiny-sangria-pig,stale-black-opossum,recumbent-foggy-squirrel"
4:11:11 PM,29.8122,-95.6556,1398.29,"tiny-vermilion-platypus,mammoth-sapphire-camel,stale-black-opossum,striped-sand-puppy,original-zinc-cat,delightful-coffee-hawk"
4:11:21 PM,29.8157,-95.6577,1394.35,"damp-fern-moth,tiny-vermilion-platypus,mammoth-sapphire-camel,tiny-sangria-pig,stale-black-opossum,recumbent-foggy-squirrel,future-heather-weasel,original-zinc-cat,delightful-coffee-hawk"
4:11:31 PM,29.8194,-95.6591,1373.35,"future-ultraviolet-pig,tiny-vermilion-platypus,mammoth-sapphire-camel,stale-black-opossum,recumbent-foggy-squirrel,future-heather-weasel,original-zinc-cat"
4:11:42 PM,29.8238,-95.661,1427.16,"mammoth-sapphire-camel,stale-black-opossum,original-zinc-cat"
4:11:52 PM,29.8278,-95.6628,1495.07,"tiny-vermilion-platypus,mammoth-sapphire-camel,stale-black-opossum,original-zinc-cat,delightful-coffee-hawk"
4:12:02 PM,29.8315,-95.6646,1516.4,"future-ultraviolet-pig,recumbent-seaweed-ostrich,tiny-sangria-pig,stale-black-opossum,recumbent-foggy-squirrel,original-zinc-cat"
4:12:13 PM,29.8354,-95.6667,1458.66,"future-ultraviolet-pig,recumbent-seaweed-ostrich,mammoth-sapphire-camel,stale-black-opossum"
4:12:23 PM,29.838,-95.6704,1183.07,"mammoth-sapphire-camel,stale-black-opossum,recumbent-foggy-squirrel,future-heather-weasel,original-zinc-cat"
4:12:35 PM,29.8388,-95.6767,879.59,"mammoth-sapphire-camel,stale-black-opossum,recumbent-foggy-squirrel"
4:12:45 PM,29.8368,-95.681,701.77,stale-black-opossum
4:12:55 PM,29.8331,-95.6819,495.73,"tiny-vermilion-platypus,mammoth-sapphire-camel,stale-black-opossum"
4:13:06 PM,29.8297,-95.6799,405.83,"tiny-vermilion-platypus,mammoth-sapphire-camel,stale-black-opossum"
4:13:16 PM,29.827,-95.6777,366.79,"tiny-vermilion-platypus,stale-black-opossum"